,gate,rot_angle,mod_freq,mw_freq,i_phase,q_phase,pulse_time,pulse_amp
0,wait,0.0,10000000.0,20000000.0,0.0,0.0,2.4e-07,0.0
1,x,1.5707963267948966,10000000.0,20000000.0,0.0,1.5707963267948966,2.4e-07,1.0
2,xx,3.141592653589793,10000000.0,20000000.0,0.0,1.5707963267948966,1.2e-07,1.0
3,xxx,-1.5707963267948966,10000000.0,20000000.0,-3.141592653589793,-1.5707963267948966,2.4e-07,1.0
4,mxxm,-3.141592653589793,10000000.0,20000000.0,0.0,-1.5707963267948966,1.2e-07,1.0
5,y,1.5707963267948966,10000000.0,20000000.0,1.5707963267948966,3.141592653589793,2.4e-07,1.0
6,yy,3.141592653589793,10000000.0,20000000.0,1.5707963267948966,3.141592653589793,1.2e-07,1.0
7,yyy,-1.5707963267948966,10000000.0,20000000.0,-1.5707963267948966,0.0,2.4e-07,1.0
8,myym,-3.141592653589793,10000000.0,20000000.0,1.5707963267948966,-3.141592653589793,1.2e-07,1.0
