,gate,rot_angle,mod_freq,mw_freq,i_phase,q_phase,pulse_time,pulse_amp
0,x,1.5707963267948966,10000000.0,20000000.0,0.0,1.5707963267948966,2.4e-07,1.0
1,xx,3.141592653589793,10000000.0,20000000.0,0.0,1.5707963267948966,2.4e-07,0.5
2,xxx,-1.5707963267948966,10000000.0,20000000.0,0.0,-1.5707963267948966,2.4e-07,1.0
3,mxxm,-3.141592653589793,10000000.0,20000000.0,0.0,-1.5707963267948966,2.4e-07,0.5
4,y,1.5707963267948966,10000000.0,20000000.0,1.5707963267948966,3.141592653589793,2.4e-07,1.0
5,yy,3.141592653589793,10000000.0,20000000.0,1.5707963267948966,3.141592653589793,2.4e-07,0.5
6,yyy,-1.5707963267948966,10000000.0,20000000.0,1.5707963267948966,-3.141592653589793,2.4e-07,1.0
7,myym,-3.141592653589793,10000000.0,20000000.0,1.5707963267948966,-3.141592653589793,2.4e-07,0.5
