,gate,rot_angle,mod_freq,mw_freq,i_phase,q_phase,pulse_time
0,x,1.5707963267948966,10000000.0,20000000.0,0.0,1.5707963267948966,7.8e-07
1,xx,3.141592653589793,10000000.0,20000000.0,0.0,1.5707963267948966,1.6e-06
2,xxx,-1.5707963267948966,10000000.0,20000000.0,0.0,1.5707963267948966,7.8e-07
3,mxxm,-3.141592653589793,10000000.0,20000000.0,0.0,1.5707963267948966,1.6e-06
4,y,1.5707963267948966,10000000.0,20000000.0,1.5707963267948966,3.141592653589793,7.8e-07
5,yy,3.141592653589793,10000000.0,20000000.0,1.5707963267948966,3.141592653589793,1.6e-06
6,yyy,-1.5707963267948966,10000000.0,20000000.0,1.5707963267948966,3.141592653589793,7.8e-07
7,myym,-3.141592653589793,10000000.0,20000000.0,1.5707963267948966,3.141592653589793,1.6e-06
